PM2.5,NTC,CT1,CT2,CT3,CT4,temp_max,state
12.006636,27.230352,2.510752,0.3743994,-0.07381235,0.16722171,59.94723,0
12.020247,27.228325,2.8697999,0.15385696,-0.13784681,0.27300185,60.25444,0
12.635548,26.979277,2.586804,0.07138106,-0.04345642,0.07195346,60.720844,0
12.027221,27.121836,2.6202636,0.394636,-0.13463198,0.25136584,60.91381,0
12.052456,27.146738,3.0958195,0.07399604,-0.07664381,0.23178832,61.183956,0
12.047428,27.227865,2.7519183,0.24221084,-0.015751228,0.104378864,61.3809,0
12.070522,27.165468,2.7499022,0.38638148,-0.14598976,0.26753348,61.79965,0
12.682683,26.875269,3.1264808,-0.08625606,-0.07436691,0.18869083,62.332245,0
12.064184,27.130735,2.5284398,0.27225813,-0.032014713,0.10645644,62.193855,0
12.073782,27.174517,2.8443775,0.3681917,-0.12980591,0.28274697,62.593067,0
12.093739,27.247562,3.1227646,0.07614276,-0.024525508,0.16714685,62.895317,0
12.08775,27.184727,2.6094708,0.28692016,-0.10844742,0.1471812,63.226376,0
12.115313,27.13859,3.0607626,0.3323613,-0.13195167,0.2773177,63.54445,0
11.474396,27.415236,3.3292115,0.101855844,0.0014678389,0.16778962,63.57265,0
12.103584,27.151365,2.7387006,0.49004957,-0.15148388,0.3128373,64.05413,0
12.732219,26.900446,3.160385,0.03973016,-0.11170183,0.28528756,64.56816,0
12.108183,27.17029,2.698224,0.30705914,-0.0068582147,0.18766181,64.53476,0
12.103212,27.172049,2.8671513,0.48905358,-0.1714667,0.34225434,64.78,0
12.112924,27.191845,3.251003,0.112241715,-0.049117908,0.29030818,65.08833,0
12.10875,27.201115,2.7275658,0.36838743,-0.05261503,0.20622937,65.32255,0
12.115749,27.211103,2.997721,0.51670825,-0.15677534,0.3691966,65.703,0
11.486512,27.50498,3.337966,0.27890882,-0.004839286,0.2863881,65.71411,0
11.484046,27.513597,2.7092366,0.6136451,-0.034777984,0.32236356,66.06029,0
12.733496,27.000502,3.0051699,0.2554911,-0.19671236,0.37056988,66.88854,0
12.7184105,27.022278,3.1123385,0.14424166,-0.041159496,0.26226205,67.073,1
12.107739,27.379292,2.774819,0.54087746,-0.10845409,0.35732478,66.9828,1
12.730717,27.117258,3.1754508,0.23832664,-0.14720426,0.39817065,67.56801,1
12.117715,27.30792,3.0591576,0.3293278,-0.01037918,0.27032298,67.62869,1
12.1096325,27.31375,2.820086,0.6215602,-0.109240875,0.40638083,67.906105,1
11.503151,27.587107,3.3868802,0.4415314,-0.009960517,0.44365138,67.98799,1
12.112126,27.36047,2.9172635,0.42763433,-0.0068963617,0.32828254,68.413895,1
12.12391,27.346937,2.9234595,0.6068498,-0.15457712,0.48711795,68.700775,1
12.119347,27.371063,3.3401494,0.35112163,-0.042601928,0.44540805,68.96893,1
12.126579,27.36056,2.8678856,0.4552283,-0.021530017,0.34911507,69.065,1
12.150668,27.371428,3.0399284,0.6581696,-0.10785566,0.42734355,69.3273,1
12.757334,27.21797,3.1465058,0.16023323,-0.026828155,0.42567366,69.787994,1
12.139506,27.505009,2.7849307,0.6503236,-0.04251276,0.4101469,69.75458,1
12.154387,27.419817,3.0073323,0.66943944,-0.12733494,0.5712597,70.118706,1
12.13677,27.425386,3.2788181,0.3985518,-0.014699802,0.44141263,70.24438,1
12.133511,27.437685,2.7180548,0.74490905,-0.08418499,0.50633544,70.4507,1
12.760153,27.192343,3.0843413,0.49397203,-0.1355785,0.59783477,70.85805,1
12.747157,27.211992,3.0929265,0.3570895,-0.0035685152,0.45810193,71.05087,1
12.152946,27.478083,2.8434432,0.76082957,-0.104849204,0.58465356,71.039856,1
12.762917,27.23529,3.1696026,0.44335458,-0.06681286,0.6482498,71.52325,1
12.139399,27.498165,2.8482654,0.90623796,-0.12925135,0.6963498,71.3857,1
12.151322,27.533243,2.9783287,0.9343146,-0.06450592,0.70208234,71.72516,1
12.758169,27.296385,3.1445222,0.32577607,0.008442536,0.60698384,72.20507,1
12.131941,27.578978,2.8470597,0.713979,0.05190529,0.56106967,72.06259,1
12.157364,27.604437,3.0078824,0.6449833,0.06051649,0.57257956,72.85884,1
12.159629,27.625189,3.133944,0.5750562,0.05606188,0.56845444,73.613144,1
12.151757,27.655807,3.5355134,1.8713316,0.27619565,0.95895165,74.20044,1
12.161286,27.678637,4.65817,1.5832576,0.5764257,1.131045,74.49417,1
12.151974,27.814291,4.14731,1.6786062,0.7171279,0.9991581,74.68805,1
11.533343,28.121138,4.0231676,2.4182043,0.5593425,1.2293893,74.81535,1
12.127398,27.752834,4.7432537,1.4531786,0.64655554,1.1963788,75.292175,1
12.110904,27.85348,3.7945096,1.9086626,0.684209,1.1366564,75.60594,1
12.09567,28.053942,3.90339,2.3853915,0.53613293,1.2672507,75.970566,1
12.081721,28.127834,4.6051593,1.5582265,0.6476518,1.2416612,76.28413,1
12.086688,28.161047,3.5510397,2.1851144,0.6569153,1.3049527,76.53827,1
12.70443,27.954165,4.0305996,2.1360238,0.48213208,1.3842517,77.08438,1
11.493441,28.53728,4.4904613,1.768509,0.7172915,1.3243996,76.98844,1
12.11461,28.34528,3.5619133,2.477247,0.57899296,1.4042021,77.57957,1
12.114196,28.429117,4.196297,2.2020683,0.57635224,1.4685336,77.84689,1
12.115189,28.516094,4.141539,1.949833,0.70431626,1.356723,77.984055,1
12.106683,28.513268,3.5177777,2.5612154,0.4890405,1.5093452,78.00836,1
12.109507,28.51051,4.421519,2.1719859,0.5750686,1.6088392,78.305084,1
12.107712,28.542862,4.1002607,2.1673179,0.7272779,1.5167667,78.53854,1
12.107145,28.542059,3.7390323,2.8206267,0.5579387,1.6251613,78.65532,1
12.112017,28.535686,4.4420104,2.141142,0.5902339,1.6572462,78.77699,1
12.113292,28.616812,3.841826,2.3699942,0.7176181,1.5836545,78.87091,1
12.730911,28.38019,3.7664874,2.7134778,0.42807066,1.7328683,79.3457,1
12.114287,28.634586,4.6615424,2.1932907,0.6393167,1.7650386,79.25712,1
12.741505,28.37992,3.5811188,2.5002363,0.60506403,1.7403136,79.51727,1
12.141027,28.715206,4.0151296,2.9298177,0.50955784,1.9263312,79.54553,1
12.758114,28.502817,4.6929274,2.0801833,0.5235597,1.814943,79.88641,1
12.148435,28.823957,3.7238522,3.039024,0.3815943,1.9290258,79.69403,1
12.156842,28.620558,4.4552283,2.6423635,0.51257,1.9611465,79.96535,1
12.139027,28.637112,4.213577,2.4398363,0.65466654,1.8472949,80.06069,1
12.156103,28.827274,3.6725712,3.2528176,0.45600235,2.0513823,80.16463,1
12.166852,28.840437,4.5216317,2.603517,0.5236436,2.109616,80.35422,1
12.160587,28.842375,3.9142103,2.7639825,0.6156198,2.0607154,80.46657,1
12.168428,28.844995,3.8354244,3.41889,0.46084893,2.2292545,80.68319,1
12.784393,28.593853,4.5211296,2.5377812,0.4906007,2.2344658,80.99011,1
12.173406,28.972227,3.7949467,3.1729274,0.6401626,2.2626092,80.857956,1
12.19264,29.015211,4.113848,3.4729407,0.46250927,2.4328663,81.05259,1
12.1801605,29.09316,4.719124,2.8859582,0.6399623,2.4347546,81.04541,1
12.184127,29.088438,3.6931148,3.4869733,0.5767857,2.4881632,81.100914,1
12.193551,29.088531,4.1720014,3.6453488,0.49522555,2.6209853,81.23031,1
12.186236,29.093422,4.598462,3.1197555,0.66545594,2.6073706,81.43942,1
12.192001,29.116926,3.6119442,3.7055166,0.5350944,2.7580702,81.54288,1
12.207451,29.213257,4.3414474,3.764042,0.5307628,2.8434088,81.80791,1
12.200307,29.227991,4.5664062,3.3610423,0.6865703,2.7859132,81.91113,1
12.20394,29.220812,3.7243361,4.0795035,0.5071713,2.9777925,82.029785,1
11.594686,29.58322,4.672943,3.826408,0.5886022,3.1126072,81.92165,1
12.214252,29.360817,4.201522,3.6568165,0.6800653,3.0071304,82.28901,1
12.223775,29.450607,3.7522779,4.453902,0.47881615,3.2409136,82.38197,1
11.605068,29.712992,4.72232,3.9012446,0.5865694,3.3698132,82.181274,1
12.223026,29.46852,3.8318896,4.1175847,0.6595527,3.3136847,82.57166,1
12.238156,29.546282,3.9636016,4.589864,0.4467417,3.553747,82.850586,1
12.853388,29.337831,4.5650816,3.8487968,0.5764624,3.5429037,83.267876,1
12.244315,29.70797,3.7737203,4.582041,0.6663095,3.643336,83.07097,1
11.632437,29.986124,4.167508,5.025577,0.52966416,3.887627,82.87676,2
12.249517,29.826193,4.563502,4.3024445,0.6302682,3.8650792,83.11585,1
11.644743,30.144033,3.6385193,5.037635,0.5503236,4.0246882,83.00143,2
12.261635,29.937557,4.326408,5.1157355,0.5108634,4.1959233,83.52075,2
12.878293,29.678698,4.598925,4.3413663,0.63759005,4.172935,83.77638,2
12.886555,29.675581,3.7315722,5.310097,0.42799914,4.3448954,84.03392,2
12.266717,29.953169,4.6162047,4.8622537,0.6075698,4.4449663,83.920586,2
12.273033,30.024752,3.951285,5.2830715,0.67513335,4.44756,83.90611,2
12.276208,30.065344,3.9478407,5.802428,0.4585091,4.7243285,83.99425,2
12.28119,30.177435,4.723324,5.2075706,0.5907074,4.8095627,84.17087,2
12.901014,29.923193,3.645992,5.7083297,0.568637,4.904199,84.50475,2
12.289934,30.162907,4.0183105,6.148388,0.5020367,5.146722,84.356415,2
12.9040785,30.028011,4.5236373,5.5346303,0.5707294,5.1395354,84.596756,2
12.300807,30.40863,3.6873455,6.3767495,0.5756055,5.3789277,84.49819,2
11.685089,30.675508,4.3355207,6.6212444,0.5802866,5.6433797,84.44289,2
12.296142,30.431955,4.4391294,6.1974835,0.6583816,5.639928,84.67818,2
12.315183,30.63587,3.6605246,7.09625,0.56363213,5.9382887,84.764496,2
11.6979685,30.934404,4.5769134,6.8856015,0.5936109,6.1809225,84.70131,2
12.318305,30.761274,4.236501,6.8569016,0.724167,6.1857405,84.96834,2
12.328245,30.753138,3.7706978,7.5572433,0.45203984,6.486121,85.200096,2
12.32308,30.777742,4.51434,7.111927,0.5633861,6.6408606,85.36371,2
11.712986,31.144712,4.144796,7.5326514,0.7464949,6.7210636,85.21817,2
12.337812,30.90351,3.8847237,8.24439,0.45922577,7.0834765,85.686386,2
12.341088,31.01289,4.6821322,7.5915895,0.6012603,7.212351,85.83032,2
12.342937,31.081388,3.8079994,8.28512,0.6921388,7.434963,85.87027,2
12.3452425,31.110584,4.0685763,8.80668,0.49649727,7.7177944,85.919586,2
11.734555,31.478941,4.8325086,8.391014,0.7096826,7.8994656,85.74698,2
12.351835,31.259562,3.655355,8.988462,0.6177927,8.028714,86.05574,2
11.740482,31.600227,4.256537,9.44741,0.59499323,8.401222,85.83183,2
12.35691,31.403326,4.654056,8.97029,0.6506134,8.4821,86.213615,2
12.362014,31.459011,3.6028867,9.821841,0.56192935,8.814619,86.271286,2
12.367624,31.544615,4.445295,9.814903,0.5656253,9.148407,86.365005,2
12.36158,31.587242,4.484423,9.840498,0.7473422,9.249486,86.363464,2
12.380949,31.805264,3.7073345,10.657855,0.55084336,9.659775,86.490616,2
12.3782215,31.84551,4.5963254,10.577172,0.5998975,9.963216,86.5952,2
12.381523,31.92639,4.334024,10.867168,0.57518494,10.1172695,86.66939,2
11.773174,32.25644,4.133101,11.275643,0.58259785,10.306248,86.49085,2
12.388207,32.04002,4.7430387,10.8150835,0.73699725,10.495907,86.84096,2
11.779607,32.396713,3.7946947,11.840747,0.6926757,10.817949,86.65083,2
12.393662,32.169388,4.224258,12.022687,0.55552924,11.201389,86.99597,2
11.779748,32.523384,4.6716766,12.0388155,0.7847911,11.4507675,86.84888,2
12.39901,32.258804,3.6552885,12.720859,0.60654175,11.837633,87.14587,2
12.392573,32.267334,4.470436,13.041897,0.613907,12.207243,87.27632,2
12.402649,32.452694,4.33646,12.929032,0.7626468,12.453132,87.29418,2
12.403499,32.510307,3.7999008,14.102763,0.55140936,12.944529,87.46308,2
12.41085,32.606197,4.4575095,13.783471,0.6361972,13.352347,87.567444,2
12.408049,32.66382,4.1742826,14.237947,0.7461668,13.572365,87.735016,2
12.406262,32.728302,3.7970486,15.299349,0.5820128,14.163306,87.732735,2
12.410276,32.8257,4.754647,14.945179,0.6596123,14.609192,87.88339,2
12.407445,32.879066,3.8894296,15.637215,0.7479993,14.923515,87.95307,2
12.417469,33.080334,4.133678,16.51565,0.5356833,15.5287695,88.09056,2
12.411348,33.0914,4.8192563,16.14485,0.7194549,15.8796425,88.17037,2
12.406672,33.10189,3.8313096,17.056448,0.69990027,16.24249,88.262436,2
12.406265,33.24102,4.2385383,17.872425,0.6038524,16.947874,88.253815,2
12.405161,33.328953,4.591586,17.636108,0.77871335,17.320295,88.27464,2
12.409077,33.442986,3.6429365,18.745157,0.6712705,17.830717,88.35569,2
13.023033,33.208435,4.2239337,19.025497,0.6039163,18.454027,88.844986,2
12.407085,33.561142,4.499698,19.352415,0.81726897,18.875525,88.64975,2
12.409414,33.680023,3.7914596,20.500113,0.6346952,19.58061,88.65509,2
12.408677,33.7818,4.467229,20.636072,0.69155705,20.166893,88.689316,2
12.402234,33.781475,4.3445573,21.12884,0.8486701,20.628628,88.66829,2
12.398009,33.788883,3.7970808,22.498764,0.61586964,21.385553,88.6402,2
12.401997,33.988403,4.682841,22.46428,0.72010195,22.027536,88.66095,2
12.407905,34.02285,3.9735408,23.318773,0.8276392,22.651678,88.80672,2
13.02677,33.798958,3.9287047,24.343866,0.61098397,23.407206,89.223816,2
13.030638,33.846844,4.624451,24.24312,0.684291,24.057156,89.35597,2
11.807126,34.41538,3.6987095,25.751492,0.71634114,24.590345,88.98046,2
12.42124,34.220047,4.3883057,25.719402,0.69133294,25.12854,89.29019,2
12.419052,34.244686,4.4634404,26.163673,0.866686,25.721556,89.35349,2
12.4116955,34.28904,3.6835713,27.456167,0.6949216,26.590925,89.46053,2
11.790716,34.61746,4.6407733,27.977098,0.7535044,27.453783,89.31694,2
12.400984,34.393024,4.1576343,28.531942,0.8820225,28.136847,89.58789,2
12.401918,34.490738,3.867758,30.057585,0.6989814,29.143267,89.59455,2
12.390772,34.506668,4.5950365,30.180101,0.75471365,30.016768,89.597626,2
12.390205,34.59038,3.944079,31.23686,0.84596694,30.771475,89.69402,2
12.380966,34.64939,3.8168952,32.76276,0.6781951,31.894236,89.717224,2
12.990455,34.430305,4.5723877,32.720974,0.791783,32.80307,89.974304,2
12.363844,34.685814,3.6629243,34.27985,0.8706728,33.755554,89.84444,2
12.355923,34.719383,3.995376,35.455093,0.7170764,34.83984,90.084366,2
12.981062,34.76092,4.4864306,35.771477,0.8827268,35.80072,90.35901,2
12.355364,35.03647,3.667509,37.403282,0.85430443,36.906765,90.08029,2
12.963465,34.863758,4.0175223,38.399902,0.79333603,37.96115,90.33189,2
12.343419,35.179314,4.3964725,38.995235,0.944677,38.99108,90.15688,2
12.334081,35.22641,3.5952168,40.96355,0.8373176,40.27082,90.26743,2
11.711478,35.590588,4.4042244,41.970108,0.8495275,41.572655,90.10914,2
12.319285,35.353554,4.2709346,42.81302,1.0307943,42.659676,90.48065,2
11.696484,35.69333,3.7493916,44.71557,0.8339578,43.974335,90.25712,2
11.682049,35.69539,4.432883,45.39988,0.90995324,45.259056,90.32883,2
11.671995,35.686775,4.097666,46.786423,1.1013471,46.478065,90.477295,2
12.27861,35.529987,3.7137952,48.73439,0.8034946,48.05867,90.82196,2
12.88088,35.301,4.4392495,49.203804,0.9314529,49.42375,91.06664,2
12.263706,35.756866,3.8364296,51.069767,1.0551358,50.774437,90.8479,2
12.246731,35.795547,3.9704356,53.164574,0.90397274,52.556137,90.93416,2
12.237849,35.859062,4.6213818,53.977192,1.0876981,54.104084,91.129776,2
12.227631,35.94035,3.6372404,56.09351,1.1040956,55.630356,91.107025,2
12.211395,35.953117,4.004553,57.87711,0.9657279,57.363533,91.229195,2
12.211576,36.168934,4.727816,58.50667,1.026744,58.746693,91.241615,2
12.201075,36.165203,3.9167433,60.2816,0.9373847,59.822815,91.29465,2
12.182579,36.163383,4.533948,61.371643,1.0529224,61.434097,91.35054,2
12.16929,36.23061,3.8992872,63.479187,1.2353984,63.219864,91.38866,2
12.150233,36.257874,3.8707466,65.78163,1.0537349,65.223816,91.48562,3
12.136591,36.35425,4.66096,67.02256,1.1695873,67.06244,91.577515,3
12.117581,36.375587,3.8226748,69.30735,1.286029,69.15568,91.56404,3
12.09729,36.453026,3.9956117,71.86102,1.1048585,71.386154,91.5793,3
12.078354,36.502285,4.6651964,73.10379,1.2881767,73.44796,91.61359,3
12.062597,36.548943,3.7377467,75.862915,1.2956649,75.5213,91.74963,3
12.054953,36.532955,4.2016745,78.39745,1.2231523,78.0389,91.75722,3
12.007296,36.54354,4.6154943,80.09528,1.403494,80.32757,91.690094,3
11.371519,36.878197,3.6703687,83.17561,1.3056337,82.7044,91.39046,3
12.045942,36.65634,4.4012437,85.377205,1.3098384,85.215324,91.78592,3
11.955118,36.705894,4.3475842,87.478004,1.4455463,87.70487,91.690735,3
11.317339,37.04023,3.8182464,91.19731,1.3508388,90.55778,91.34879,3
12.03209,36.791374,4.7321057,93.1495,1.4892265,93.40629,91.69484,3
11.910389,36.775234,4.1828237,95.96186,1.6449643,96.03247,91.67021,3
11.960345,36.881165,3.9449258,99.399506,1.4278537,98.94619,91.82492,3
11.968121,37.089607,4.7669587,101.611664,1.5652705,102.004654,91.886475,3
11.858842,37.069466,4.0734906,105.14382,1.7057792,105.10613,91.79707,3
11.32216,37.31479,4.3133397,108.84061,1.5902826,108.365555,91.76358,3
11.913473,37.14222,4.938598,110.959816,1.7362491,111.466125,92.05922,3
11.822742,37.132683,3.890963,114.86051,1.7763282,114.85583,92.07834,3
11.90605,37.122356,4.4445653,118.71559,1.7136842,118.5462,92.24538,3
11.855614,37.14499,5.123923,121.3741,1.8915092,121.99798,92.28162,3
11.22616,37.392723,4.1153445,125.696205,1.9609157,125.60732,91.94989,3
11.997051,37.16352,4.9752126,129.65726,2.063553,129.69183,92.41346,3
11.908744,37.095608,5.2318606,133.10645,2.3527043,133.58339,92.30813,3
11.93471,37.062992,4.3563237,138.11916,2.2894738,137.76802,92.28129,3
11.389909,37.198654,5.4390187,141.76173,2.483392,141.94646,92.118164,3
11.893709,36.818344,5.9217725,143.93932,2.68207,144.46095,92.23743,3
11.944516,36.906216,4.865523,147.79321,2.6724513,147.34018,92.244774,3
12.015765,36.83996,5.6037602,149.61417,2.7872422,149.68889,92.31466,3
11.924883,36.74507,4.7375073,150.8958,2.85018,150.28232,92.252686,3
12.659546,36.476044,5.4292006,153.14008,3.0202248,152.95428,92.99041,3
12.006987,36.78212,6.2378182,157.04132,3.367369,157.63364,93.02219,3
11.702195,26.872206,2.5054212,0.23283371,0.22964515,0.20597951,46.89268,0
11.707897,26.823328,2.0931234,0.5560186,0.15039505,0.2372524,46.925156,0
11.696512,26.964579,2.5788288,0.21227357,0.18292297,0.33667773,46.948063,0
11.110607,27.199215,2.5087457,0.41587004,0.27748263,0.2149717,46.75655,0
11.089048,27.1993,2.2569869,0.74289334,0.14185156,0.32309645,46.74374,0
11.713804,26.89187,2.5317492,0.1454024,0.18272175,0.31212634,46.931515,0
11.711029,26.830778,2.1144755,0.28313312,0.23903503,0.1911351,46.889717,0
11.708431,26.83309,2.1881971,0.6073377,0.094915524,0.30031365,46.95253,0
11.707509,26.88075,2.558506,0.06495008,0.20929779,0.28149146,46.91002,0
11.722782,26.939058,2.0890431,0.44476673,0.18139948,0.21144263,46.960636,0
11.703332,26.88809,2.3388474,0.5727689,0.13008656,0.37393826,47.031868,0
11.714293,26.845633,2.5336845,0.13095436,0.22303547,0.23494689,47.004936,0
11.707988,26.8294,2.082899,0.5952902,0.15939297,0.2634384,47.042805,0
11.711531,26.86912,2.325904,0.5072526,0.15419926,0.40180367,47.124382,0
11.72531,26.969353,2.6945252,0.15617976,0.18141188,0.29131192,47.113834,0
11.097573,27.218214,2.3413243,0.9586303,0.17082132,0.39449042,46.897785,0
11.715788,26.987543,2.5671074,0.13472137,0.24712433,0.3712389,47.112034,0
11.722717,26.972065,2.1331558,0.40142962,0.1876644,0.26780242,47.11886,0
11.098599,27.23358,2.4098985,0.80158734,0.17166127,0.39466733,46.945896,0
11.090304,27.144709,2.6356146,0.35195765,0.2730614,0.4041893,46.989925,0
11.720655,26.903696,2.0386832,0.46929368,0.17573847,0.32353228,47.255745,0
11.709404,27.00221,2.3483317,0.610917,0.15053762,0.4216587,47.286602,0
11.105879,27.267134,2.6696687,0.3908281,0.2707721,0.3908221,47.046303,0
11.091509,27.254034,2.1241674,0.6703273,0.14937462,0.37690943,47.035686,0
11.705774,26.9159,2.4247525,0.45282683,0.14928688,0.4336607,47.32093,0
11.702572,26.945581,2.4548707,0.3796738,0.22389139,0.35954684,47.343456,0
11.714001,27.00745,2.0835066,0.7638533,0.12317337,0.47092456,47.355797,0
11.070068,27.296824,2.506556,0.5297768,0.19403638,0.5275242,47.10819,0
11.720251,27.028831,2.2534242,0.441372,0.22443832,0.4029104,47.39586,0
11.687042,27.04502,2.1552052,0.8002926,0.08072342,0.53182715,47.492104,0
11.709341,27.06601,2.727506,0.34551522,0.19689144,0.53276366,47.61973,0
12.306625,26.810934,2.0870466,0.4336098,0.1827165,0.42428464,47.880333,0
11.707882,27.067009,2.222073,0.82121956,0.07702793,0.5790693,47.684513,0
12.317851,26.846117,2.601208,0.26167306,0.15501036,0.54114884,48.029095,0
11.724737,27.0852,2.0911374,0.6589922,0.1717626,0.5081274,47.852448,0
11.698566,27.110128,2.355904,0.7967967,0.05694212,0.64647263,47.922768,0
11.731916,27.113928,2.5652606,0.3375295,0.12340368,0.6918103,47.90535,0
11.726221,27.178692,2.5336058,0.48299822,0.14475407,0.70436925,48.27929,0
11.7409725,27.26319,2.4870768,0.57658756,0.1873342,0.7040946,48.76187,0
11.753784,27.201986,2.4085872,0.45212564,0.16968979,0.5715701,49.073853,0
11.134634,27.40081,2.1337814,0.90123546,0.16404356,0.58080786,48.960255,0
11.145857,27.528486,2.6332796,0.7153288,0.15472521,0.7251155,49.060207,0
11.764144,27.272364,2.300527,0.5090804,0.22725977,0.58888215,49.31419,0
11.759496,27.266876,2.1911464,0.97203124,0.08336891,0.6569206,49.298695,0
11.753462,27.289957,2.551261,0.48519406,0.12751116,0.74992293,49.196674,0
11.14497,27.526678,2.697807,0.7611228,0.25974524,0.6694614,48.872322,0
11.730609,27.200869,2.4697747,0.869614,0.110627785,0.8314964,49.175407,0
11.125593,27.451841,2.760641,0.71387243,0.25527894,0.7170631,48.914165,0
12.352431,26.930637,2.0133173,0.8438631,0.10992922,0.7014591,49.382767,0
11.717257,27.210302,2.3793135,0.8061875,0.06204571,0.8905265,49.018116,0
12.349279,26.964075,2.4080486,0.5850364,0.13845886,0.73675936,49.08264,0
11.711389,27.219095,2.1143184,1.0475141,0.07032646,0.9207179,48.735935,0
11.726532,27.24645,2.541146,0.77952516,0.14393105,0.96774787,48.761158,0
12.331112,26.98664,2.2895076,0.6341156,0.1685635,0.8431255,49.045673,0
11.735231,27.26199,2.1880121,1.1467007,0.05838169,0.9364998,48.865234,0
11.7192745,27.37064,2.4734516,0.72650504,0.20994915,1.044386,48.904896,0
12.385168,27.110277,1.976347,0.8394371,0.15381064,0.9089305,49.28338,0
12.357887,27.156618,2.058564,1.1062607,0.021759644,1.0605766,49.495117,0
11.795469,27.510584,2.4496334,0.85479033,0.15346922,1.0085546,49.561016,0
11.780008,27.512585,1.8800459,1.2232865,0.16606964,1.0144025,49.592804,0
11.800213,27.480238,2.2715497,1.2892874,0.0837232,1.1575419,49.96139,0
11.790525,27.617537,2.3380094,0.9771699,0.20572437,1.0576388,49.945232,0
11.821341,27.65527,1.9081478,1.4306849,0.12944187,1.0560185,49.95267,0
11.801353,27.713652,2.148975,1.3855094,0.06613983,1.2197577,50.062206,0
11.209824,27.961489,2.4420803,1.3495194,0.2405888,1.1423355,49.899143,0
11.188022,27.964529,2.0248713,1.8004106,0.14249338,1.2064143,49.89676,0
11.806715,27.72173,2.2806892,1.4050654,0.11982645,1.3153979,50.024624,0
12.425638,27.455975,2.0967095,1.3259016,0.16889204,1.1832682,50.207092,0
11.793323,27.852642,2.0223072,1.6623727,0.0951177,1.3396536,49.82033,0
11.8009615,27.94296,2.5174112,1.437879,0.18343033,1.4307815,49.81573,0
11.814133,27.934826,1.9695964,1.5851747,0.17165436,1.3394657,49.795902,0
11.796665,27.940851,2.1702719,1.8496977,0.059735432,1.5295731,49.80655,0
11.79303,27.949722,2.3791552,1.4789289,0.20738472,1.4908496,49.749504,0
11.793341,27.922907,1.9990311,1.8060893,0.1692573,1.491932,49.677696,0
11.77907,27.944468,2.13781,1.9768213,0.09410252,1.682151,49.74322,0
11.806104,28.051298,2.4158673,1.6413008,0.20275606,1.6234084,49.747227,0
11.787081,27.985525,2.0266294,2.1067247,0.050337926,1.7642022,49.750652,0
11.787875,27.946867,2.3622513,1.7814685,0.07487835,1.7635576,49.860065,0
11.794487,27.98902,2.1286526,1.9264423,0.20572104,1.6688439,49.831913,0
11.1746235,28.304619,2.1463966,2.2816358,0.09680618,1.8074561,49.59889,0
11.786768,28.069963,2.3150835,1.8422016,0.18506636,1.8664709,49.752724,0
11.797195,28.044754,2.079664,2.1111639,0.19624628,1.8321806,49.674328,0
11.7798815,28.047455,2.1107104,2.4893794,0.06317343,2.0392272,49.695576,0
11.786713,28.066721,2.43611,1.9951714,0.11842789,1.9851543,49.688663,0
11.791096,28.043556,1.8912334,2.26417,0.1472031,2.0067265,49.659878,0
11.790526,28.128199,2.1456852,2.5217617,0.08165564,2.2127764,49.667233,1
12.405981,27.915682,2.3684978,2.0450132,0.1788875,2.178994,49.877644,1
11.78676,28.153227,1.8973114,2.6044703,0.11710848,2.225321,49.626064,1
11.781273,28.192667,2.114092,2.5893917,0.119984284,2.3967931,49.60838,1
11.7921295,28.28333,2.3512583,2.4541962,0.20820536,2.400074,49.605175,1
11.170393,28.451498,1.9719336,2.9328847,0.14790787,2.459709,49.32346,1
11.151956,28.435074,2.4426792,2.7903237,0.12733234,2.6614873,49.352627,1
12.409174,28.005613,2.0919943,2.5972333,0.18479075,2.551811,49.84398,1
11.783524,28.275597,2.0280573,3.072662,0.05256094,2.7594068,49.645008,1
12.403635,28.030966,2.3238194,2.6876864,0.12729229,2.832092,49.921463,1
11.796696,28.327543,2.0007994,2.9829412,0.2111112,2.8032386,49.71046,1
11.176004,28.648083,2.2900605,3.558417,0.16325249,3.0209634,49.44594,1
12.404808,28.151918,2.3817902,2.8527784,0.18684448,3.0722473,49.80332,1
11.798229,28.378443,2.0358658,3.3515406,0.19724764,3.102106,49.516514,1
11.785833,28.507673,2.1990118,3.6276584,0.068755284,3.3560274,49.550888,1
11.808264,28.5115,2.5689256,3.3023813,0.22366537,3.343321,49.495472,1
11.797586,28.493692,1.9756193,3.6248407,0.1584741,3.3990405,49.437443,1
11.80571,28.513742,2.212408,3.7740014,0.09011091,3.6391551,49.437893,1
11.8023205,28.507292,2.3625114,3.6180813,0.16457237,3.6318276,49.426132,1
11.814394,28.59543,1.9462752,3.9812987,0.119551316,3.736867,49.47936,1
11.810525,28.670633,2.402483,3.9661741,0.13323893,3.9153347,49.604984,1
11.213488,29.02155,2.765232,4.143701,0.25928366,3.9476101,49.557312,1
12.43543,28.522732,2.2701087,4.373425,0.13538899,4.094078,50.191967,1
11.835182,28.822664,2.488224,4.02497,0.24684824,4.145265,50.167316,1
11.839873,28.820906,1.9866629,4.4071603,0.18120684,4.185235,50.449215,1
12.4555645,28.635427,2.147492,4.419863,0.047722474,4.3537292,50.84087,1
11.857514,29.016092,2.37321,4.3474965,0.24850191,4.4539986,50.891674,1
11.848826,29.033213,1.9134254,4.9306636,0.14035095,4.6268106,51.105076,1
11.870745,29.063307,2.3362978,4.811664,0.17310967,4.7919474,51.34753,1
11.857019,29.083124,2.3737082,4.811171,0.24606813,4.847228,51.64443,1
11.866697,29.089626,2.0402608,5.3503895,0.17768778,5.105969,51.973644,1
11.873457,29.239054,2.3390374,5.103123,0.19242586,5.26954,52.41535,1
11.893906,29.287323,2.2149777,5.259129,0.2576791,5.300889,52.7764,1
11.265919,29.665545,2.086269,5.8810344,0.15258326,5.616097,53.13826,1
12.523367,29.151876,2.4454613,5.4177585,0.18597426,5.717045,54.062572,1
11.2835865,29.699736,2.1137059,5.9269443,0.27279532,5.8705473,54.2785,1
12.54639,29.306185,1.9995551,6.11793,0.0948769,6.0639577,55.510246,1
12.560926,29.358454,2.5134993,5.824082,0.21906246,6.2569227,56.35346,1
11.338354,29.881319,2.099156,6.512541,0.24948896,6.4102173,56.67746,1
11.974182,29.764452,2.2723823,6.7777452,0.14406408,6.676023,57.580814,1
11.377217,30.166624,2.5153947,6.6623926,0.2830807,6.8427877,57.836796,1
11.985658,29.791471,2.014255,7.0183325,0.1889378,6.996503,58.560627,1
11.998404,29.857668,2.27865,7.26648,0.13696112,7.2744493,59.290485,1
11.995228,29.943552,2.4204981,7.327586,0.29106963,7.3808713,59.786167,1
12.018276,30.00046,2.065608,7.8010526,0.1953813,7.6248894,60.15146,1
12.013233,30.092787,2.437535,7.8199654,0.13337292,7.986618,60.634583,1
12.026053,30.111006,2.335964,8.057193,0.29185212,8.077229,61.206245,1
12.017341,30.109205,2.2084744,8.61724,0.15646853,8.408703,61.69719,1
12.041317,30.244535,2.5894403,8.474592,0.25776017,8.669741,62.057423,1
11.412345,30.494997,2.3717961,8.972872,0.3479396,8.85542,62.159374,1
12.029233,30.246145,2.345511,9.538411,0.15243734,9.193302,62.850796,1
12.021927,30.385443,2.698026,9.280118,0.24760593,9.453699,63.359066,1
12.037571,30.39631,2.447114,9.638265,0.31150115,9.527315,63.80441,2
12.00453,30.43381,2.3462956,9.796827,0.13035692,9.890108,64.21013,2
12.604954,30.269655,2.424858,9.864535,0.24833454,9.980534,64.89901,2
12.027664,30.534986,2.224187,10.657239,0.18743624,10.36593,64.88641,2
11.985547,30.602198,2.5116785,10.578668,0.23192133,10.793336,65.30351,2
12.005203,30.590536,2.5022457,10.900979,0.29731667,10.954424,65.68477,2
11.97876,30.70592,2.241236,11.669036,0.14410557,11.363448,66.148346,2
11.944696,30.767183,2.5545971,11.328431,0.2978164,11.730545,66.56002,2
11.979611,30.745874,2.2201061,12.016273,0.2950002,11.973792,66.84813,2
11.330591,31.061724,2.4607806,12.771377,0.23726143,12.439611,67.01553,2
12.570261,30.65528,2.595494,12.208263,0.3397118,12.760401,68.04855,2
11.952416,30.99353,2.2078216,13.092966,0.27118886,13.130846,68.025055,2
11.948438,31.0432,2.4878016,13.639413,0.24173845,13.652304,68.50238,2
11.925777,31.04276,2.7974691,13.51884,0.38150895,14.003806,68.765915,2
11.946619,31.094965,2.205319,14.361091,0.29648793,14.392396,69.12844,2
12.515892,30.925201,2.5017292,14.447812,0.23378338,14.92102,69.74243,2
11.919686,31.205399,2.6465192,14.826917,0.3414408,15.265456,69.86058,2
11.860542,31.195887,2.2003443,15.70852,0.19800724,15.772964,70.10525,2
11.919224,31.289694,2.6886454,15.805852,0.25623667,16.265413,70.59579,2
11.886721,31.318361,2.5843642,16.348307,0.29149163,16.684284,70.83845,2
11.274459,31.708334,2.4731264,17.401949,0.26185143,17.366041,70.9556,2
11.924273,31.466661,2.8626623,17.176811,0.21825661,17.818434,71.365265,2
11.894634,31.662123,2.5078766,18.088823,0.31460488,18.343395,71.72231,2
11.908895,31.60384,2.459164,18.932896,0.11724724,18.981989,71.855156,2
11.280152,31.903242,3.0621963,19.028513,0.28007805,19.546015,72.02115,2
11.296488,31.982992,2.5264993,20.143637,0.3158785,20.115776,72.11745,2
12.513632,31.500216,2.5177915,20.536554,0.19693531,20.778463,73.031876,2
12.511355,31.497675,2.8912067,20.64643,0.23673786,21.330137,73.36378,2
11.891625,31.819016,2.32975,22.127298,0.2382089,22.09745,73.158676,2
11.881282,31.856869,2.7030816,22.479963,0.13955511,22.8197,73.65053,2
11.903673,31.96395,2.744219,22.899939,0.30136645,23.357817,73.91698,2
11.267526,32.247173,2.4952161,24.39279,0.14276375,24.053808,73.943306,2
11.276466,32.2025,2.945668,23.802633,0.19948353,24.2269,74.2261,2
11.878048,32.025185,2.375957,25.144001,0.25471032,25.07563,74.62058,2
11.855689,32.07383,2.5064166,26.098536,0.07733025,26.103956,75.061554,2
11.8631935,32.16659,2.8560808,25.954132,0.14885534,26.660322,75.46054,2
12.462577,31.949522,2.2068982,27.547712,0.10307278,27.640772,75.82892,2
11.861478,32.16337,2.5585792,28.496038,0.0981542,28.515364,75.81676,2
11.8666115,32.178,2.7586458,28.674763,0.23734488,29.231905,76.08718,2
12.45837,32.00058,2.176958,30.255516,0.13600077,30.252201,76.55696,2
12.505009,31.92304,2.580101,30.805916,0.21082462,31.187056,76.69421,2
11.868356,32.220486,2.7077157,31.689592,0.34073365,32.01693,76.66671,2
11.87497,32.295197,2.2968879,33.06409,0.22183384,33.093956,76.901306,2
11.92103,32.23822,2.8538656,33.78955,0.34034264,34.137886,77.2343,2
11.880947,32.27818,2.672576,34.862076,0.3969165,35.07592,77.43502,2
11.889493,32.32307,2.4478588,36.210083,0.2909757,36.183983,77.6886,2
11.942286,32.31369,2.770502,36.80978,0.33205712,37.318558,77.86844,2
11.893189,32.456615,2.464675,38.27299,0.44712937,38.464905,78.19519,2
11.29654,32.66679,2.5490537,39.852943,0.36150515,39.8208,78.156624,2
11.927089,32.408848,2.9427137,40.41208,0.4986602,40.909462,78.68138,2
11.921741,32.46689,2.3560882,41.923683,0.49488842,42.074825,78.81942,2
11.939575,32.484344,2.6515708,43.40284,0.41697514,43.561058,79.03213,2
11.933026,32.597137,2.845214,44.370525,0.5584041,44.795605,79.28221,2
11.9373045,32.59172,2.329144,46.05659,0.49234593,46.128315,79.60725,2
11.936026,32.593876,2.6650562,47.327377,0.42338002,47.656242,79.88916,2
11.927502,32.6624,2.8253384,48.670914,0.5632707,49.029144,80.08549,2
12.541538,32.422867,2.3622475,50.430313,0.45501626,50.627213,80.599815,2
11.3070965,33.04398,2.849028,51.97706,0.5980674,52.31479,80.311714,2
11.916988,32.799023,2.7779727,53.43328,0.627782,53.745064,80.88448,2
11.912292,32.768147,2.471881,55.340614,0.5210391,55.453537,80.99664,2
11.278753,33.078167,3.053584,56.874947,0.65741646,57.266434,80.882515,2
12.509446,32.639603,2.6013021,58.073822,0.64575016,58.575714,81.703445,2
11.282435,33.36157,2.7138433,59.330395,0.7208625,59.72706,81.29112,2
11.268883,33.371502,2.9250531,60.370758,0.7239591,60.880417,81.4281,2
11.8782215,33.227657,2.3687062,62.40225,0.6037303,62.71595,81.871796,2
11.866358,33.20972,2.6501412,64.39901,0.58650506,64.83404,81.950455,2
11.234277,33.55427,2.938416,66.21007,0.77980626,66.65728,81.89703,2
11.838222,33.41746,2.3466077,68.38656,0.6437036,68.70353,82.32415,3
11.831022,33.48011,2.7313318,70.377594,0.6447221,70.95165,82.50273,3
11.174271,33.771183,2.7355366,72.61991,0.8234588,73.05012,82.433,3
11.770399,33.523304,2.4320092,75.10428,0.66280186,75.43445,82.86211,3
11.180035,33.930923,2.911972,77.12394,0.8964244,77.797935,82.7397,3
11.071067,34.029305,2.528071,79.60186,0.90039647,80.01238,82.804726,3
11.671253,33.769463,2.3962274,82.05266,0.7517215,82.46407,83.111664,3
11.695164,33.82737,2.8094144,84.13149,0.9402648,85.02523,83.21147,3
11.613052,33.86014,2.2444615,87.085655,0.89394104,87.638214,83.25255,3
11.674814,33.860435,2.524016,89.811676,0.8401729,90.390114,83.48623,3
11.684026,33.92993,2.8688998,92.00265,1.0195304,93.03389,83.51976,3
12.253466,33.788807,2.2283006,95.20372,0.9784776,95.924774,83.93947,3
11.692062,34.12401,2.712048,98.32255,0.97362626,99.13016,84.12674,3
11.622749,34.138603,2.7439141,100.91993,1.1089336,101.967674,84.306656,3
11.613123,34.350075,2.3908324,104.34157,1.0313827,105.040405,84.5036,3
12.277623,34.087257,2.5812268,106.637726,1.0060683,107.31069,85.06254,3
11.657555,34.535614,2.554727,107.814095,1.0438472,108.4392,85.43784,3
11.72408,34.714844,2.5526042,108.83688,1.084283,109.5278,86.09885,3
11.817028,34.767372,3.013146,111.71859,1.255067,112.80067,86.67398,3
11.783119,34.816574,2.7158551,115.10862,1.3981754,116.12087,86.87044,3
11.222685,35.020355,2.7561622,119.16657,1.3592807,119.94565,86.80792,3
11.870234,34.891075,3.2239423,122.47733,1.4789087,123.67985,87.19418,3
11.808968,34.96163,2.6344419,126.32669,1.6515828,127.279915,87.2059,3
12.485679,34.798115,2.7704215,130.2242,1.5920211,131.14821,87.59387,3
11.901224,34.94177,3.4729886,134.10522,1.8937103,135.31271,87.494774,3
11.929668,34.877087,2.823669,137.27519,2.0169938,138.33517,87.57731,3
12.02898,35.1352,3.4261117,139.72493,2.010648,140.97867,87.717804,3
11.960454,35.155987,3.33991,143.3178,2.204364,144.61716,87.71071,3
12.522276,35.006195,2.8861423,148.21819,2.1298382,149.26813,88.18425,3
11.953005,35.310886,3.4975505,152.692,2.330889,154.092,88.14853,3
12.366775,26.528833,2.007675,0.1349195,0.19831719,0.14903848,47.911415,0
11.721741,26.79118,2.2925725,0.26752314,0.09073509,0.32721823,47.66438,0
11.130239,27.048567,2.716236,0.12306127,0.24307217,0.24791925,47.455727,0
11.737681,26.786116,2.052922,0.25518045,0.14660563,0.19854943,47.69152,0
12.350824,26.579676,2.389483,0.13787588,0.090980664,0.29670066,47.769012,0
11.744395,26.900942,2.5001924,-0.028914839,0.22677006,0.17522447,47.436695,0
11.7396345,26.81402,2.1123025,0.33091673,0.13834728,0.16008632,47.49288,0
11.724871,26.794167,2.4448729,0.18262395,0.20172848,0.32091254,47.48538,0
11.744543,26.885221,2.3354535,0.088460535,0.24340548,0.19713847,47.447884,0
11.116043,27.117632,2.1487594,0.6357101,0.14093818,0.28010195,47.219913,0
11.72806,26.789618,2.5282917,0.08907792,0.15486492,0.32319516,47.59692,0
11.739174,26.848402,2.2514775,0.22830316,0.2360176,0.19840829,47.48912,0
11.7289715,26.893648,2.231337,0.43244323,0.11070599,0.3718478,47.367393,0
12.967791,26.406433,2.2761214,-0.15771237,0.0038381964,0.32949036,47.94949,0
11.745378,26.899767,2.0748048,0.33180687,0.12559809,0.2253763,47.441463,0
11.734909,26.924519,2.4442158,0.29980025,0.12885107,0.33668727,47.496513,0
11.736624,26.88391,2.453546,0.047351807,0.23400988,0.27143115,47.412876,0
11.730446,26.800058,2.160208,0.55295026,0.09511055,0.28825444,47.55598,0
11.108811,27.165642,2.5838537,0.2872413,0.27997053,0.44254655,47.180878,0
12.357932,26.67321,2.1622012,0.06762478,0.19581427,0.23543088,47.52943,0
12.340589,26.545576,2.038238,0.46495804,0.06215252,0.3608796,47.545635,0
11.729354,26.835604,2.6627579,0.06955668,0.1958157,0.39070576,47.528202,0
11.110742,27.076078,2.2497256,0.37022147,0.23510112,0.3297717,47.240425,0
11.73687,26.827179,2.271047,0.5397388,0.08077349,0.38401002,47.523754,0
11.722019,26.850214,2.6398892,0.08183524,0.23218693,0.37750453,47.464333,0
11.7445755,26.818136,2.093509,0.46973142,0.20199265,0.33054894,47.47653,0
12.334062,26.588314,2.2735739,0.42901143,0.057788983,0.4844677,47.799503,0
11.743917,26.857992,2.7169368,0.077676505,0.23294343,0.39996308,47.55068,0
12.347437,26.653288,2.424672,0.04849288,0.13289846,0.46348828,47.7159,0
12.363453,26.732729,2.3499997,0.006991476,0.111570016,0.49785346,48.05646,0
12.358875,26.652369,2.4520812,0.073631614,0.1550876,0.3442852,48.660168,0
11.756847,26.915232,2.1730952,0.66124976,0.14095844,0.49404448,48.750454,0
11.758391,27.037245,2.619308,0.29501852,0.16033806,0.5401837,48.912518,0
11.165905,27.234198,2.4551895,0.45450816,0.24797739,0.43689078,48.793804,0
11.758322,26.910397,2.1943886,0.6585163,0.109480515,0.47920865,49.09701,0
11.7629795,27.021276,2.6846576,0.19403061,0.18019737,0.53285235,49.13786,0
11.780018,27.033987,2.2786567,0.39676496,0.20390143,0.44310492,49.135998,0
11.75068,26.934328,2.2323718,0.71819246,0.08813299,0.62332696,49.232925,0
11.768902,26.982578,2.6314256,0.29910383,0.18933643,0.55760306,49.342304,0
11.761286,27.059038,2.1479113,0.5510298,0.19208874,0.5415537,49.43305,0
11.763784,27.072111,2.3323882,0.6233176,0.09098305,0.6360628,49.39837,0
11.754869,27.089254,2.592861,0.3139268,0.18951859,0.54020184,49.32761,0
11.769793,27.07858,2.1195076,0.6753379,0.13303389,0.60278004,49.28532,0
11.737658,27.102797,2.482607,0.6802858,0.15338816,0.7006194,49.352898,0
11.751022,26.998564,2.0236602,0.7759658,0.23112501,0.5851752,49.188244,0
11.728998,26.999983,2.1851187,0.94180906,0.069656506,0.73909825,49.056484,0
11.73739,27.032103,2.5500298,0.35313293,0.16993012,0.7270462,49.1824,0
11.739116,27.135534,2.1438532,0.5767666,0.1884128,0.6642181,49.274685,0
11.734571,27.152412,2.2595377,0.7866956,0.058628693,0.80115956,49.22099,0
11.733493,27.183455,2.7180197,0.3943393,0.16095985,0.78070277,49.12457,0
11.1310835,27.430437,2.2231278,0.9440118,0.17989077,0.8217494,48.981,0
11.726873,27.190737,2.4748237,0.82477176,0.073472634,0.93271893,49.165718,0
11.727987,27.118748,2.5499458,0.44908258,0.19769968,0.8080432,49.289196,0
11.740062,27.101858,2.0895593,0.9133955,0.14124931,0.85537165,49.991337,0
11.746115,27.153847,2.4852314,0.7516941,0.07733978,0.9896266,50.646008,0
11.771885,27.185987,2.5010438,0.6017796,0.20529713,0.85031384,51.40419,0
12.396261,26.950968,2.1323903,0.78923,0.068966046,0.9664914,52.44227,0
12.408691,26.987747,2.5912623,0.5486747,0.12550034,1.0046946,53.003677,0
11.803212,27.25254,2.470125,0.74077713,0.21690144,0.9216973,53.17948,0
11.813548,27.368002,2.322094,0.9889127,0.09350647,0.97913903,53.705383,0
11.835735,27.410696,2.6736426,0.65072715,0.23867525,1.0751697,54.29775,0
12.451656,27.15603,2.2950182,0.7383243,0.20453276,0.9935319,55.04098,0
11.830682,27.444555,2.3133233,1.1895486,0.08860125,1.1626264,55.246582,0
11.851391,27.465618,2.6810536,0.6838919,0.127782,1.1234614,55.623653,0
11.844837,27.478064,2.2098298,0.99016225,0.1986381,1.1180545,56.044907,0
11.87019,27.499517,2.4399302,1.0324715,0.110926285,1.2979547,56.67435,0
11.8600025,27.539244,2.5966766,0.825992,0.22829022,1.1973549,57.13195,0
11.871544,27.550291,2.161468,1.0404474,0.14311804,1.2094342,57.52977,0
12.507844,27.346382,2.517571,1.0029017,0.10441078,1.3437268,58.30617,0
11.897966,27.776577,2.4756265,0.93775547,0.24303402,1.2655059,58.617573,0
12.508026,27.587667,2.149313,1.2878948,0.10676922,1.2769405,59.436726,0
11.909685,27.80108,2.4659786,1.2025911,0.14102282,1.4621779,59.796837,1
11.290262,28.140123,2.4989,1.3599175,0.26640284,1.3778659,60.01348,1
11.904089,27.983854,2.2740026,1.6418382,0.124329224,1.4687644,60.599277,1
11.921469,28.021479,2.5583029,1.3180853,0.20415796,1.6021215,60.95793,1
11.908331,28.026344,2.0989206,1.6909043,0.17378916,1.4846698,61.302494,1
12.531645,27.905302,2.2460666,1.5468901,0.04617323,1.6236688,61.9158,1
11.920001,28.201992,2.7014446,1.3398021,0.18333687,1.5800339,61.930286,1
12.534473,28.037495,2.0238948,1.6901728,0.099485055,1.6102058,62.425762,1
11.916245,28.248652,2.608229,1.6822759,0.13252415,1.8018123,62.57135,1
12.534108,27.961388,2.3822439,1.5139929,0.20413364,1.6495501,63.144863,1
11.903366,28.218084,2.2195914,1.9419416,0.10491337,1.9056464,63.093052,1
11.918978,28.234911,2.6500523,1.7137667,0.14764513,1.884884,63.339252,1
11.913026,28.355337,2.3613281,1.8005892,0.22848572,1.8314673,63.575603,1
11.9272585,28.403486,2.3207588,2.1150398,0.09645094,1.9500672,63.923737,1
11.923753,28.49258,2.6711779,1.7862757,0.23643507,2.06682,64.29413,1
12.553925,28.238735,2.177558,1.9026433,0.172969,1.9843756,64.78291,1
11.920649,28.509165,2.3308415,2.3247352,0.09735073,2.2193143,64.91327,1
11.945913,28.514654,2.7416062,1.9050015,0.24607767,2.2295725,65.12955,1
12.544605,28.316153,2.0097003,2.219949,0.13578142,2.1739666,65.62293,1
11.951573,28.645002,2.3219447,2.477385,0.084627286,2.421065,65.72115,1
11.938803,28.750618,2.6919823,2.155322,0.17923988,2.3832533,66.05481,1
11.957145,28.772554,2.124596,2.586867,0.16141762,2.4510763,66.25423,1
12.570353,28.533964,2.5194874,2.434537,0.05321707,2.6475427,66.81305,1
11.350241,29.083225,2.6933265,2.5924454,0.25070107,2.5875103,66.5273,1
11.943749,28.918177,2.215098,2.891882,0.13310255,2.7262776,66.89774,1
11.3629465,29.18147,2.7681923,2.838417,0.15724863,2.9048645,67.06281,1
11.344453,29.206171,2.5143492,2.9296732,0.26632416,2.8485181,67.27412,1
11.969343,29.045948,2.308793,3.0896065,0.085452214,2.9934046,67.7636,1
11.954236,29.072014,2.7187526,2.884777,0.1282021,3.121158,68.002594,1
11.969443,29.079065,2.2784367,3.0492287,0.20610346,3.0902345,68.270065,1
11.953426,29.123323,2.548178,3.4365928,0.09249653,3.3571646,68.5675,1
11.958053,29.201452,2.8358402,3.1285229,0.2091657,3.4044588,68.83139,1
12.575368,29.01631,2.3009431,3.2186272,0.1695558,3.3866918,69.333336,1
11.963485,29.29478,2.6145077,3.6616259,0.07655348,3.6725872,69.42085,1
11.974094,29.29994,2.9618917,3.4223714,0.2048675,3.6511667,69.807304,1
12.607212,28.99608,2.1766214,3.467489,0.14321293,3.6117694,69.991455,1
12.605597,29.137266,2.800026,3.4316256,0.09364332,3.8238509,70.27554,1
12.002647,29.471087,2.6748009,3.7175443,0.17022957,3.7849047,70.19781,1
11.386806,29.74773,2.5679379,4.2665744,0.066737786,4.06217,70.054016,1
12.003485,29.53044,2.918909,3.945621,0.16034044,4.1613684,70.614136,1
12.013713,29.568727,2.4081416,4.147866,0.15958609,4.1544733,70.83462,1
12.010891,29.660177,2.537901,4.4921117,0.017013684,4.401253,71.133575,1
12.60957,29.44387,2.819376,4.1505437,0.1174909,4.5206156,71.60199,1
12.616362,29.452364,2.265135,4.4810085,0.073520795,4.5708437,71.78439,1
11.373722,30.060465,2.7115645,5.0984254,0.07314886,4.892116,71.01631,1
12.607597,29.575527,2.8008604,4.52842,0.136243,4.924528,71.82075,1
11.980863,29.861704,2.3722587,5.147082,0.06223215,5.076423,71.96604,1
12.003624,29.892878,2.6016073,5.2652526,0.030983105,5.3640327,72.392975,1
11.975511,30.027666,2.7106235,5.222425,0.15235628,5.4168634,72.565155,1
11.981533,30.097631,2.280345,5.7677193,0.04833807,5.648368,72.76434,1
11.98503,30.149057,2.6807094,5.6496634,0.030644074,5.89332,72.999725,1
11.980464,30.281317,2.5635557,5.808504,0.13179411,5.939251,73.09061,1
11.9849,30.296072,2.3975065,6.3593154,0.021295205,6.2503967,73.33892,1
11.992492,30.405214,2.8891692,6.1634755,0.044588223,6.435939,73.5882,1
12.595739,30.176674,2.28979,6.370337,0.10267843,6.5106106,74.02311,1
12.613464,30.139215,2.404301,6.731326,-0.017322883,6.6985345,74.11499,1
11.3691435,30.897917,2.9362648,6.8769336,0.14293112,7.0960913,73.869156,1
11.3780575,30.939034,2.4386241,7.301088,0.149449,7.2079253,74.04731,1
12.003497,30.778486,2.5786903,7.5264134,0.07188143,7.496606,74.40292,2
11.99541,30.886183,2.7364216,7.3604364,0.14372839,7.6910057,74.665924,2
11.995592,30.909414,2.3703446,7.9701214,0.06590809,7.9422126,74.82616,2
12.00852,31.008873,2.5514405,8.194633,0.0038443953,8.289208,75.00561,2
12.008454,31.06978,2.6322548,8.242653,0.15977587,8.398645,75.31764,2
12.025831,31.15005,2.2717915,8.72805,0.07857098,8.650595,75.42632,2
12.640938,30.938509,2.6852338,8.758247,0.045515195,9.029528,75.81968,2
12.025398,31.290167,2.5889058,9.07327,0.16108097,9.196197,75.78679,2
12.0358095,31.26757,2.774257,9.142363,0.18808521,9.364061,75.93948,2
12.039513,31.279211,2.8630745,9.254529,0.18487562,9.53126,76.09657,2
12.04301,31.489641,2.327387,9.805518,0.10918011,9.762883,76.20557,2
12.053914,31.503084,2.6033938,10.172828,0.10130371,10.19644,76.4805,2
12.055337,31.49875,2.7749226,10.123966,0.19705547,10.421272,76.570465,2
12.074462,31.56772,2.2826576,10.885379,0.08537401,10.723185,76.77716,2
12.076326,31.59641,2.7142057,10.969851,0.051277295,11.196361,76.955574,2
12.095932,31.693611,2.7216368,11.204756,0.1952435,11.371112,76.99663,2
12.094695,31.714432,2.347675,11.97754,0.078372136,11.823898,77.074715,2
12.098444,31.809656,2.918649,11.975333,0.16620792,12.216923,77.25456,2
12.104137,31.882215,2.6159225,12.299592,0.23395361,12.467698,77.35336,2
11.490994,32.1818,2.5865612,13.155656,0.12890162,12.982311,77.34956,2
12.1331415,32.001125,2.9019384,13.042867,0.23530497,13.341164,77.84488,2
12.133844,32.056473,2.4648426,13.628655,0.20864882,13.669041,78.03893,2
12.133275,32.13427,2.535358,14.265017,0.121681824,14.208526,78.08851,2
12.144503,32.122963,3.0460958,14.293529,0.24203648,14.582125,78.13555,2
11.524461,32.378197,2.5026913,15.090075,0.26683915,15.010714,77.92493,2
11.533026,32.45205,2.7969081,15.694509,0.17428602,15.582024,78.12764,2
12.15261,32.250763,3.0314734,15.780234,0.28924954,15.973297,78.62723,2
12.158857,32.34079,2.475076,16.55237,0.20643009,16.464968,78.75485,2
12.170859,32.347763,2.8060079,16.900908,0.23410429,17.07803,78.818275,2
12.175707,32.443687,2.841962,17.324003,0.30456173,17.485437,78.97812,2
12.183332,32.558586,2.5482557,18.280617,0.18364586,18.137587,79.07858,2
12.193022,32.648743,2.9101014,18.50604,0.16492905,18.728132,79.03026,2
12.195791,32.746452,2.7582736,19.065586,0.32450497,19.1388,79.25532,2
12.198351,32.758686,2.5665655,19.963356,0.187894,19.898546,79.47931,2
12.199053,32.870758,3.0657117,20.217,0.26624215,20.443491,79.67795,2
11.581547,33.168903,2.806704,21.066256,0.3268968,21.053614,79.51942,2
11.584068,33.22185,2.7490113,22.003347,0.22175325,21.772285,79.634125,2
12.198115,32.9515,2.9549894,22.074144,0.31761563,22.465641,80.02835,2
12.193342,32.946846,2.4756255,23.0538,0.30292237,23.043444,80.20001,2
12.8180485,32.777176,2.977587,23.095543,0.2177278,23.602785,80.63693,2
12.201861,33.074287,2.856104,23.917229,0.37735808,24.010033,80.482254,2
12.1983185,33.1193,2.577781,24.800533,0.23843063,24.753572,80.45152,2
12.191357,33.08304,3.0700133,25.337835,0.32229912,25.66965,80.545425,2
12.176205,33.05448,2.6909986,26.155901,0.3884865,26.33845,80.631454,2
12.1809435,33.257153,2.6094053,27.32197,0.25321066,27.333063,80.71135,2
12.1739855,33.268604,3.0258496,27.682415,0.3322903,28.121874,80.808395,2
12.172367,33.37758,2.6070797,28.751104,0.39846766,28.93269,80.99507,2
12.171795,33.424232,2.7318099,29.818567,0.268829,30.026415,81.099625,2
12.167192,33.45948,2.985093,30.29383,0.42321265,30.882017,81.21471,2
12.160932,33.468567,2.5231657,31.524805,0.38989842,31.840824,81.43939,2
12.159597,33.461914,2.7049932,32.57452,0.40548432,32.86306,81.58182,2
12.163042,33.66525,2.88806,33.29046,0.47474492,33.848103,81.58713,2
12.152508,33.661884,2.3656335,34.732826,0.36671984,34.947357,81.7126,2
12.1418915,33.644936,2.8869777,35.700775,0.37605107,36.207382,81.86592,2
12.136591,33.823746,2.8531642,36.599678,0.50541604,37.13816,81.87927,2
12.127227,33.876854,2.5158029,37.990803,0.37773478,38.360554,82.029755,2
12.124659,33.973198,2.92127,39.007072,0.48297846,39.652508,82.15708,2
12.111017,33.98224,2.6837087,40.26833,0.5489465,40.763306,82.243126,2
11.484406,34.21608,2.5674577,41.972702,0.43154585,42.132362,82.03591,2
12.0950775,34.10062,2.918706,42.685066,0.49931538,43.41282,82.27148,2
12.701073,33.93652,2.4335976,44.13159,0.5389005,44.684185,82.65807,2
12.072631,34.17225,2.6447663,45.85547,0.44799435,46.291504,82.5128,2
12.060692,34.193275,2.9541712,46.806824,0.6032554,47.612625,82.62096,2
12.668428,34.045364,2.3626528,48.375107,0.5451757,48.934593,83.091675,2
12.04331,34.33999,2.6177735,50.216618,0.47170746,50.700344,82.90995,2
12.026742,34.401836,2.903821,51.478127,0.62951005,52.205635,83.050514,2
12.02433,34.482895,2.40984,53.422157,0.5906383,53.968094,83.16063,2
12.006249,34.490234,2.733508,55.03576,0.5649663,55.661903,83.21719,2
12.613083,34.36153,2.6573033,56.321472,0.64453995,57.159916,83.65073,2
12.000109,34.592308,2.3860087,58.155968,0.63280976,58.611816,83.6022,2
11.991461,34.696865,2.9341493,58.85353,0.69381344,59.72562,83.56064,2
12.005367,34.982742,2.4014597,60.52514,0.69667256,61.04543,83.814476,2
11.997565,35.03338,2.5120897,62.46216,0.5623561,63.01042,83.86117,2
11.9945,35.243855,2.9748921,64.11586,0.686864,65.02807,83.947845,2
11.986345,35.288364,2.4316673,66.42072,0.6804534,67.04528,84.1315,2
11.975458,35.332554,2.6022515,68.597115,0.5977651,69.21513,84.21279,3
11.955942,35.474316,2.8773608,70.28652,0.77350724,71.21438,84.35161,3
11.330181,35.82175,2.3936114,73.09481,0.73748124,73.516655,84.214264,3
11.927934,35.62068,2.7010865,75.14861,0.68898785,76.01135,84.56572,3
11.90926,35.74297,2.6939998,77.44477,0.8431493,78.2759,84.778656,3
11.888145,35.98819,2.368711,80.09647,0.75038636,80.70098,84.70524,3
11.833073,35.953686,2.5954795,81.788506,0.71809304,82.56161,84.565094,3
11.846429,36.20014,2.5404305,82.7662,0.7290021,83.41593,85.09735,3
11.86227,36.4318,2.4932914,83.74125,0.73989403,84.25599,85.591965,3
11.890453,36.4749,2.8234982,85.483635,0.92523205,86.56305,85.96489,3
11.842089,36.75384,2.4235206,88.28744,0.90265286,89.10056,86.09796,3
11.87562,36.84281,2.4797015,91.402336,0.825307,92.09156,86.31977,3
11.851861,36.96103,2.8721967,93.87238,1.0078555,94.97515,86.57672,3
11.196829,37.384907,2.361462,97.33486,0.9999229,98.01104,86.42984,3
11.863409,37.162785,2.611071,100.21061,0.9291011,101.08724,86.882065,3
11.8962965,37.485394,2.897306,102.84009,1.1041137,104.056206,86.925934,3
11.898958,37.547092,2.4020143,106.45107,1.0749446,107.41112,86.92676,3
11.356601,37.931873,3.0296102,109.877174,1.1485835,110.97468,86.88629,3
11.307697,38.15055,2.9774852,113.25411,1.2972156,114.359535,87.03189,3
11.909177,37.990505,2.6138415,116.84123,1.1391517,117.89564,87.28847,3
11.95655,38.170525,3.0143847,120.14539,1.2847348,121.52794,87.32999,3
11.937063,38.169548,2.7204452,124.06847,1.4265329,125.32144,87.3517,3
12.009512,38.282913,2.7097907,128.34871,1.3598243,129.47397,87.3118,3
12.7294655,38.086857,3.1145902,131.70753,1.5530483,133.35275,87.60918,3
12.1124,38.396614,2.9388566,136.05183,1.7179996,137.32478,87.296524,3
13.431633,37.767944,2.6208425,138.69551,1.6648093,139.92041,87.81092,3
12.238465,38.576107,3.4174428,141.31474,1.9973842,142.72958,87.2883,3
12.144769,38.729515,2.8944058,146.39432,1.9698344,147.40005,87.14804,3
11.58675,39.024418,3.5002503,150.68207,2.1823637,152.04958,86.90582,3
12.16201,38.850685,3.3447928,155.09058,2.3248904,156.5259,87.08722,3
11.740385,26.992857,2.2299323,0.37595305,0.24414553,0.18917577,47.708984,0
11.739144,26.989399,2.1725624,0.708707,0.10249247,0.21731822,47.79142,0
12.357544,26.748728,2.5076697,0.16561612,0.13351168,0.2173249,48.079266,0
11.754974,26.978748,2.1072893,0.4769251,0.20393337,0.18838851,47.7824,0
11.739262,26.997835,2.3148448,0.659487,0.11301388,0.2824461,47.79281,0
11.7633,27.107235,2.5825837,0.29434404,0.25009787,0.27819508,47.861835,0
11.752058,27.047207,2.054068,0.56595004,0.21071257,0.20319335,47.86339,0
11.747372,26.992765,2.4257991,0.6017977,0.1547953,0.34281558,47.890377,0
11.745626,26.916407,2.5571935,0.2821599,0.2637502,0.2426626,47.885624,0
11.745525,26.876451,2.0914109,0.5864577,0.1689793,0.21502845,47.87991,0
11.736685,26.998718,2.4824553,0.4971623,0.15066113,0.33022422,47.879734,0
11.754695,26.970503,2.4501224,0.37683484,0.24792542,0.21637075,47.94601,0
11.119106,27.13889,2.1209433,0.79889405,0.30223906,0.24373882,47.746822,0
11.742935,27.011587,2.7812345,0.33106062,0.25716364,0.31193322,47.98624,0
11.128825,27.252153,2.1774373,0.6622087,0.2348782,0.26932114,47.715862,0
11.740953,27.004036,2.2736027,0.72948277,0.09766926,0.33707064,47.986126,0
11.730219,27.019915,2.6454122,0.3155466,0.18516888,0.26548976,48.022564,0
11.126509,27.254488,2.1605432,0.7869706,0.2177278,0.3239643,47.739964,0
11.721535,27.020506,2.3602676,0.57547855,0.091802254,0.42789954,48.013317,0
11.738634,27.027601,2.6885655,0.3909162,0.19055285,0.28841084,48.035854,0
12.347725,26.779095,2.587243,0.2593163,0.1948482,0.35842675,48.80704,0
12.372602,26.81748,2.5732014,0.16084346,0.23380245,0.40562505,49.57861,0
11.7617,27.08219,2.367093,0.4405683,0.21836437,0.26703852,49.768993,0
11.778273,27.094347,2.1661706,0.7398547,0.1177236,0.3473708,50.23349,0
11.76833,27.109192,2.6165757,0.4035507,0.19953503,0.42845696,50.220882,0
11.777,27.08821,2.3485,0.54240644,0.25711215,0.29997128,50.115475,0
11.756418,27.091043,2.2287319,0.7849339,0.10393061,0.39966506,50.042564,0
11.764048,27.09791,2.5817885,0.38286814,0.22575296,0.42534035,49.968273,0
11.144552,27.341825,2.2484543,0.8171127,0.2708608,0.40044326,49.66107,0
11.760515,27.098484,2.4158478,0.73751223,0.11208214,0.49954814,49.944645,0
11.754625,27.049345,2.6243906,0.36764988,0.23090042,0.4181568,49.945843,0
11.749666,26.985859,2.1043422,0.74556625,0.19406904,0.39136904,49.92868,0
11.131697,27.36188,2.5176983,0.84723413,0.18092455,0.5688812,49.684204,0
11.747755,27.097864,2.6171212,0.5386096,0.24306454,0.4500715,49.729984,0
11.730625,27.007582,2.0825512,0.8728565,0.15162148,0.45873278,49.668743,0
11.7368145,27.070837,2.5101643,0.7057718,0.14986958,0.5907156,49.59761,0
11.733788,27.143042,2.5090683,0.6018902,0.22455324,0.46678513,49.539684,0
11.729473,27.05668,2.1191125,0.89317715,0.11537708,0.51789874,49.51067,0
11.097633,27.313543,2.6481056,0.7089977,0.16141428,0.6504685,49.24956,0
11.118193,27.308046,2.4915116,0.798632,0.257187,0.5240218,49.3322,0
11.705393,27.09546,2.2643998,0.9683281,0.088137284,0.6211845,49.440052,0
11.732398,27.181593,2.675318,0.5571691,0.20969309,0.65045947,49.34956,0
11.705715,27.102194,2.1821995,0.83148134,0.19712366,0.5645253,49.337284,0
12.951992,26.56161,2.0154085,0.64532006,0.009306088,0.51725787,49.78412,0
11.700745,27.096277,2.537313,0.60061586,0.20395435,0.6128518,49.1947,0
11.724701,27.080873,2.0558314,0.9962896,0.10631193,0.67411965,49.225277,0
11.695573,27.115015,2.6019812,0.79745233,0.16043152,0.7906572,49.267406,0
11.732485,27.16415,2.483424,0.7779187,0.21235909,0.66034716,49.291767,0
12.3296,26.974024,2.0003414,0.9029139,0.04358925,0.73239297,49.624752,0
12.3638735,27.005697,2.4850883,0.60970914,0.057356015,0.7610418,50.3021,0
11.749874,27.279634,2.3205934,0.8153354,0.19568028,0.6964542,50.56139,0
11.778801,27.30199,2.2606373,1.1291729,0.073823586,0.80476254,51.33611,0
12.394283,27.033236,2.662128,0.58167875,0.094668046,0.75265807,52.37655,0
11.8102865,27.23253,2.1943448,0.9586979,0.21010555,0.74705285,52.80669,0
11.808115,27.358885,2.4308808,1.1250767,0.102438584,0.8549115,53.462124,0
12.4517355,27.135029,2.5543282,0.6313766,0.22469105,0.8036186,54.35436,0
11.836372,27.296745,2.145561,1.110366,0.21233763,0.8051221,54.648342,0
12.468181,27.09783,2.347463,0.9750086,0.098034516,0.9370524,55.39986,0
11.235754,27.716213,2.7992182,0.9737371,0.28005278,0.88603085,55.351727,0
11.870003,27.470587,2.1898353,1.1734487,0.17694391,0.8776757,56.14316,0
11.867073,27.496439,2.5122817,1.0530823,0.12155928,1.0637428,56.65495,0
12.488567,27.24977,2.5912523,0.8705038,0.20883001,0.8886501,57.2255,0
11.848129,27.521769,2.2700222,1.3681461,0.16682638,1.0358187,56.977657,0
11.888445,27.542517,2.7148561,1.0662524,0.24441208,1.1038028,57.605885,0
11.867223,27.572214,2.3761806,1.052698,0.25523102,1.0121948,58.29635,0
11.884173,27.598509,2.3146684,1.3877505,0.11816086,1.1636039,58.720287,0
11.880266,27.724272,2.6469572,1.0653924,0.25040066,1.197322,59.208626,0
11.907477,27.80117,2.2564454,1.315358,0.25087988,1.0911938,59.707493,1
11.885139,27.857817,2.3187344,1.6871189,0.10264124,1.3118201,60.20659,1
11.91482,27.941671,2.6731083,1.2536777,0.19872202,1.2583457,60.71691,1
12.507219,27.719118,2.1370955,1.3331169,0.1657945,1.1666938,61.34328,1
11.919857,28.076391,2.4737978,1.736503,0.16532911,1.3753568,61.43151,1
12.526548,27.902819,2.538298,1.2540652,0.21031536,1.2958175,62.094646,1
11.921431,28.17048,2.1857588,1.7250665,0.18856443,1.304361,62.214443,1
11.920931,28.197947,2.443768,1.6929933,0.10380997,1.3216783,62.565735,1
11.924514,28.213139,2.4188352,1.5966481,0.25844586,1.3282987,62.90623,1
11.92018,28.303074,2.2558627,1.9933919,0.11444868,1.5245658,63.358677,1
11.936681,28.350817,2.7838364,1.6312946,0.24672712,1.5143515,63.76968,1
11.933531,28.360943,2.2370124,1.823671,0.21885408,1.4662791,63.929543,1
11.922709,28.388266,2.43055,2.1410925,0.15014614,1.6165339,64.19966,1
11.937291,28.494844,2.6982532,1.7277628,0.24973597,1.6355749,64.41808,1
11.936246,28.508604,2.138288,2.0186238,0.20788254,1.6307203,64.79579,1
11.956951,28.512697,2.4762135,2.144898,0.115830556,1.81944,65.25469,1
12.564308,28.277468,2.6223707,1.7359408,0.21671356,1.735345,65.82129,1
11.949263,28.559935,2.1447973,2.2191532,0.20099081,1.8304187,65.81697,1
11.347609,29.030607,2.6651053,2.3573375,0.15358557,2.0168006,65.87717,1
11.969543,28.787561,2.660499,2.090737,0.24912466,1.8955508,66.337166,1
11.341764,29.056366,2.3099272,2.565087,0.14028658,1.9617301,66.427025,1
11.9842825,28.886131,2.6848416,2.3321342,0.21206726,2.1488407,67.129745,1
11.354986,29.196623,2.551744,2.4058208,0.29078066,2.0753787,67.225105,1
12.593216,28.6813,2.152835,2.6089196,0.09735502,2.1373718,67.99265,1
12.604361,28.745996,2.737564,2.271481,0.11309303,2.2562745,68.45325,1
11.981778,29.083677,2.4074297,2.5940504,0.26066697,2.2488406,68.36529,1
11.986021,29.08851,2.4337459,2.8594024,0.11470093,2.43938,68.740234,1
11.981232,29.100496,2.7008166,2.5628312,0.2303182,2.491401,68.877045,1
11.974392,29.220413,2.2943673,2.8501568,0.20935644,2.4735172,69.13341,1
11.981167,29.233847,2.514361,3.1091115,0.13082184,2.6991751,69.35872,1
11.99471,29.292135,2.8750677,2.789377,0.19631161,2.7042286,69.675575,1
12.003258,29.364489,2.26889,3.178057,0.19151892,2.7605479,69.91036,1
12.015366,29.38037,2.610891,3.167043,0.034040585,2.9612358,70.11396,1
12.017666,29.401766,2.8491478,3.1046126,0.21143116,2.8803875,70.3264,1
12.639889,29.142378,2.3286915,3.26348,0.07597174,2.9704053,70.80325,1
12.024868,29.53073,2.7689319,3.3938186,0.15450014,3.2281096,70.81343,1
12.035789,29.564142,2.6201453,3.3023045,0.19517244,3.1514447,70.99363,1
12.042917,29.6493,2.3810124,3.721321,0.045073643,3.217602,71.3786,1
12.056921,29.887476,3.0230632,3.4345472,0.19863047,3.2721732,71.5061,1
12.055772,29.929216,2.364871,3.7498164,0.13998283,3.3356125,71.790276,1
11.440593,30.165586,2.6373231,4.1084805,0.074018136,3.6374362,71.80517,1
12.0517845,29.988071,2.8747435,3.753718,0.13996376,3.580588,72.47089,1
12.075722,30.03737,2.3820093,4.159636,0.13364424,3.705507,72.55736,1
12.686678,29.88011,2.5732028,4.0859923,0.008438244,3.9466364,72.957954,1
12.050089,30.226679,2.7657921,4.189016,0.1851746,3.987284,72.99898,1
12.054284,30.21606,2.4134157,4.569347,0.071459904,4.0569634,73.24284,1
12.674107,30.026354,2.7081463,4.485949,0.06789698,4.3202214,73.841965,1
12.062834,30.633802,2.6547074,4.5458045,0.1731254,4.3670883,73.904106,1
12.063931,30.691906,2.392251,5.0624337,0.04516615,4.55634,74.12396,1
12.067536,30.743055,2.7707877,4.8243723,0.06976904,4.764564,74.30773,1
12.075765,30.86828,2.428959,5.1408134,0.18144383,4.7990494,74.526596,1
11.466269,31.126501,2.6375358,5.642937,0.069822446,5.110919,74.52457,1
11.460475,31.269636,2.8527465,5.343156,0.16155256,5.243309,74.71338,1
12.079841,31.061369,2.3907676,5.5665326,0.122542515,5.2521124,75.09003,1
12.089517,31.123789,2.5831375,6.019548,0.05477871,5.5558243,75.33967,1
12.078825,31.161098,2.8802743,5.67067,0.1782576,5.664833,75.59082,1
12.073484,31.17283,2.3072197,6.1097703,0.13159813,5.7776756,75.75365,1
12.090202,31.272474,2.6187027,6.366628,0.047815934,6.1113873,75.877106,1
11.459809,31.628958,2.9122689,6.4579215,0.20699371,6.22049,75.857506,1
11.4495945,31.696905,2.4641385,6.949251,0.14713682,6.4185066,75.8744,2
12.073849,31.578333,2.6328459,6.972639,0.08277668,6.73784,76.26825,2
12.069593,31.733517,2.6550512,6.9628663,0.19407953,6.820223,76.73358,2
12.704341,31.551546,2.2456582,7.3256803,0.056895867,7.0375767,77.14798,2
12.075775,31.889475,2.801955,7.399463,0.15540136,7.39991,77.16502,2
11.459955,32.25333,2.60398,7.8550797,0.25816548,7.537919,77.09898,2
12.094585,32.05669,2.38692,8.235403,0.08815588,7.8113074,77.459335,2
12.104416,32.12295,2.6830356,8.0561695,0.18127407,8.048881,77.69838,2
12.079819,32.160515,2.3298874,8.528768,0.2440659,8.227268,77.91413,2
12.103847,32.125336,2.2500458,9.0036,0.11623873,8.55061,78.14496,2
12.099012,32.263664,2.676421,8.669043,0.27231658,8.513565,78.24159,2
12.106371,32.380753,2.2052417,9.180249,0.17121662,8.85799,78.32072,2
11.501375,32.727577,2.8061602,9.438531,0.22463144,9.2260685,78.18311,2
12.128387,32.58225,2.4984705,9.479682,0.2701031,9.321941,78.71677,2
12.744993,32.352043,2.2880661,10.049836,0.09676279,9.648299,79.164734,2
12.163164,32.780396,2.7475631,10.044923,0.25564396,10.026906,78.91328,2
12.159053,32.84997,2.4571822,10.486892,0.2993294,10.2219305,79.02117,2
12.166751,32.906906,2.4430056,11.005017,0.14109482,10.665167,79.158875,2
12.193244,32.97036,2.8005264,10.958978,0.29237378,10.977041,79.383385,2
11.566211,33.29877,2.4428458,11.666776,0.32703412,11.243893,79.44247,2
12.19998,33.093346,2.4812427,12.090266,0.16514029,11.681537,79.71556,2
12.822038,32.885174,2.798258,11.925443,0.2743193,11.959506,80.0162,2
12.211833,33.218082,2.3490279,12.64218,0.22528185,12.314323,79.90769,2
11.597246,33.526047,2.6914382,13.247799,0.22400774,12.891566,79.830734,2
12.235958,33.30729,2.928899,13.214321,0.33641922,13.117511,80.22146,2
12.229479,33.434574,2.3795357,13.99678,0.2547542,13.572687,80.40729,2
12.258863,33.399933,2.7201645,14.264323,0.20655884,14.082239,80.440125,2
12.228905,33.56884,2.6137912,14.616943,0.36617243,14.407047,80.70621,2
11.642448,33.813744,2.518267,15.472537,0.27382386,14.901565,80.628784,2
12.257713,33.6749,2.716677,15.531285,0.26709902,15.395194,81.029884,2
12.275197,33.714806,2.6191032,16.060987,0.36654723,15.779251,81.15532,2
12.261195,33.785152,2.5213501,16.816534,0.23782648,16.38106,81.38132,2
12.281763,33.84575,2.8919384,16.8754,0.3029424,16.882076,81.454544,2
12.279226,33.90544,2.508144,17.656807,0.3799349,17.307035,81.560104,2
12.295544,33.954037,2.64361,18.440016,0.2408277,17.984762,81.79767,2
12.287155,34.108658,2.9306786,18.552961,0.4034139,18.516714,81.94007,2
12.302776,34.179466,2.4299922,19.381533,0.3691846,19.034933,82.07534,2
11.680117,34.5217,2.782841,20.234495,0.2864138,19.778036,81.90155,2
12.299118,34.29054,2.9272306,20.309477,0.39861166,20.307056,82.2295,2
12.304374,34.382774,2.4092963,21.35091,0.3240677,20.929457,82.375145,2
12.310687,34.445175,2.51722,21.535006,0.37311232,21.230505,82.61626,2
12.3197365,34.469288,2.6610253,21.714533,0.39109433,21.522097,82.63065,2
12.321824,34.542744,2.5701263,22.72339,0.2570845,22.306627,82.72945,2
12.324912,34.54769,3.1447792,23.130991,0.41124022,23.002998,82.81284,2
12.326732,34.634686,2.4969735,23.924665,0.39011967,23.671202,82.83612,2
11.716412,34.882812,2.7566411,25.03933,0.30343258,24.574131,82.645096,2
12.324254,34.676624,3.1158013,25.224825,0.39112675,25.218306,82.85086,2
12.936926,34.485546,2.4109917,26.1615,0.34011948,26.067503,83.17654,2
12.313873,34.72234,2.766873,27.15207,0.27979386,27.02566,82.95281,2
11.696289,35.066387,3.076074,27.806606,0.4144069,27.725538,82.706566,2
11.690257,35.073555,2.5338554,28.9345,0.423473,28.60437,82.76343,2
12.309149,34.878555,2.9163916,29.674772,0.36432993,29.65666,83.174225,2
11.690906,35.268246,2.9006557,30.563425,0.50054896,30.497763,83.09245,2
12.301577,35.091255,2.5497813,31.867514,0.35415614,31.538164,83.39021,2
12.308559,35.18417,3.0315733,32.45545,0.41622508,32.631523,83.619316,2
12.296916,35.21081,2.7384486,33.47272,0.49630415,33.52413,83.629036,2
11.673717,35.43602,2.7016568,34.972008,0.36634648,34.68012,83.398125,2
11.664293,35.480568,3.0614538,35.5895,0.4722048,35.81859,83.50479,2
11.654726,35.53704,2.6224751,36.9572,0.514743,36.90599,83.47696,2
12.26081,35.36673,2.655045,38.133575,0.38290465,38.136776,83.848404,2
12.252465,35.385864,2.900846,38.860382,0.53951705,39.27157,83.99791,2
12.247867,35.498238,2.437437,40.433105,0.5253898,40.45317,84.07939,2
12.2362385,35.524635,2.7312603,41.82701,0.43433774,41.946938,84.21832,2
11.613653,35.873695,3.090197,42.871174,0.62169755,43.138737,84.223816,2
11.610662,35.930153,2.5801468,44.42334,0.5268327,44.42649,84.399704,2
12.832783,35.44869,2.5909367,45.60162,0.44284928,45.969273,85.02948,2
12.210085,35.829437,2.799327,47.05397,0.6365472,47.33233,85.03057,2
12.198059,35.850708,2.4435415,48.998135,0.54110634,48.960773,85.12628,2
12.189362,35.91933,2.879559,50.15085,0.56437886,50.54465,85.269714,2
12.177372,36.06663,2.7107677,51.711292,0.660679,51.92668,85.35992,2
12.169656,36.149105,2.517806,53.519276,0.5276929,53.628746,85.4156,2
11.5553465,36.620518,3.1386228,54.40252,0.7109128,54.626163,85.141556,2
12.158499,36.402077,2.43468,55.45048,0.61079895,55.70843,85.372826,2
12.157534,36.59241,2.7393017,57.342712,0.5731212,57.56728,85.584595,2
12.14511,36.592014,2.7845492,58.817745,0.71796906,59.323906,85.67589,2
12.7549925,36.341248,2.357462,61.012703,0.59575665,61.21264,86.16142,2
12.143536,36.8711,2.6266646,62.792336,0.5857898,63.071808,85.898476,2
12.150794,37.094196,2.535048,63.51829,0.5933353,63.66137,86.40646,2
12.167276,37.296265,2.438467,64.25048,0.6070119,64.26424,86.91507,2
12.159033,37.338753,2.8486557,65.337814,0.64731324,65.89126,87.15298,2
12.150754,37.508293,2.5907845,67.579155,0.8069278,67.88265,87.45075,3
12.140254,37.62076,2.472045,69.87945,0.64605916,70.122734,87.48839,3
12.120314,37.694336,2.8899884,71.639885,0.722437,72.20987,87.59206,3
12.115807,38.046368,2.4657483,74.125435,0.81007683,74.48989,87.85374,3
12.102625,38.14852,2.5820146,76.786705,0.70134175,77.05241,87.94869,3
12.06992,38.370514,2.913135,78.69073,0.8288299,79.36545,87.85242,3
12.048018,38.47231,2.429236,81.35186,0.84223664,81.71378,87.8614,3
11.494385,38.78105,2.7897277,84.10259,0.8519126,84.38621,87.61372,3
12.708298,38.56035,2.7470784,85.99651,0.9307395,86.86115,88.01595,3
12.022251,38.8824,2.2701983,89.11681,0.8882495,89.50523,87.718414,3
12.078453,39.169815,2.6568666,91.87512,0.9036294,92.392204,87.760635,3
12.658948,39.092216,2.6912856,94.41224,0.9718009,95.26002,87.998566,3
12.041927,39.58557,2.3524575,98.042206,0.9623853,98.442024,87.769005,3
12.119608,39.75522,2.9463534,100.876595,1.0444413,101.70077,87.89314,3
12.082062,39.777264,2.7837024,103.97021,1.1595718,104.69195,87.973145,3
12.746071,39.846478,2.5124116,107.24287,1.0366641,107.93345,88.35506,3
11.536721,40.42573,3.2247376,110.68792,1.2323886,111.54644,87.9544,3
12.095635,40.291836,2.6689029,114.225586,1.2766839,115.06255,88.14068,3
12.147406,40.48166,2.676969,117.97358,1.1991988,118.65609,88.173195,3
12.151457,40.59958,3.119248,121.177605,1.3505479,122.33371,88.19504,3
11.490118,41.232994,2.6955905,125.501396,1.3972293,126.27668,87.988525,3
11.610875,41.21946,2.8498302,128.72734,1.4054195,129.59322,88.120834,3
12.297092,41.24643,3.020121,130.74193,1.6038438,131.79623,88.38988,3
12.277968,41.297188,2.6993527,134.31471,1.5532943,135.19167,88.374954,3
12.346412,41.35457,3.2497067,138.54422,1.6882278,139.61993,88.38194,3
12.308252,41.50028,3.1509585,143.03535,1.8913947,144.0752,88.29361,3
12.310553,41.520866,2.9348245,148.05704,1.8660976,148.83557,88.273895,3
12.989552,41.41612,3.4022536,152.3793,2.0148385,153.67017,88.60175,3
11.744484,27.18423,3.7023215,0.58212006,0.36427557,0.41880435,50.159283,0
11.742856,27.149992,3.1888218,1.2116543,0.24596418,0.5605108,50.14957,0
11.144203,27.539896,4.0010943,0.6185266,0.24900831,0.58037585,49.90905,0
12.363503,26.9966,3.3531408,0.5730127,0.3243395,0.39379376,50.20441,0
12.363229,27.011583,3.2102878,1.0620528,0.13856567,0.54759187,50.20046,0
11.748532,27.279642,4.0148997,0.52407324,0.26243985,0.5439736,49.855923,0
12.350653,26.991213,3.1931546,0.6766349,0.32437718,0.42005652,49.95717,0
11.745518,27.271454,3.4048822,1.2264723,0.24394335,0.57869405,49.788628,0
11.745901,27.279604,4.1454887,0.43394932,0.27836764,0.55575246,49.703693,0
12.352213,26.99751,3.0960941,0.70266163,0.31356776,0.45424813,49.764008,0
11.754881,27.267502,3.5589974,1.123036,0.2175733,0.5991418,49.554333,0
11.748797,27.2642,3.9864507,0.41517362,0.31678736,0.49381846,49.48856,0
11.729359,27.255833,2.9851937,1.0413758,0.26025403,0.53117484,49.625004,0
11.757145,27.272541,3.8207293,0.9067677,0.19568743,0.61625737,49.644558,0
11.132183,27.510263,3.944983,0.6682135,0.38146174,0.54247206,49.23007,0
11.732195,27.243597,3.4437547,1.3506204,0.18197073,0.6313049,49.474743,0
12.354417,27.015059,3.9299426,0.31729683,0.22791494,0.5944316,49.468998,0
11.754279,27.241426,3.2645636,0.9171032,0.32962716,0.48545474,49.163902,0
11.738335,27.260895,3.3630416,1.2920748,0.24147381,0.6629078,49.330402,0
11.747034,27.284954,4.080269,0.44212827,0.29291856,0.590131,49.302006,0
11.746927,27.252993,3.0972345,0.934625,0.26880562,0.54980963,49.2367,0
11.74315,27.280352,3.62023,1.2256511,0.18446364,0.6819455,49.25664,0
11.746923,27.285027,4.0148845,0.43887052,0.3394643,0.60430926,49.083828,0
11.7409315,27.254208,3.048084,1.1581968,0.31215346,0.6100766,49.17467,0
11.745625,27.297426,3.5984018,1.0976249,0.1884562,0.70306414,49.253746,0
11.750217,27.29336,3.8418097,0.5826634,0.33098495,0.59298915,49.19824,0
11.733364,27.278368,3.0793924,1.3285428,0.2059771,0.6738278,49.346012,0
11.739941,27.311623,3.8418593,0.9524287,0.22566523,0.74039906,49.36076,0
11.751411,27.292345,3.5887208,0.6734818,0.3399986,0.6291434,49.261723,0
11.73565,27.401674,3.0793703,1.4264609,0.19095339,0.712568,49.326466,0
11.131357,27.667807,3.9983063,0.8405076,0.26154816,0.78230923,49.112896,0
11.7511015,27.289566,3.329221,0.84546983,0.33664834,0.6635558,49.329777,0
11.730533,27.308842,3.1659818,1.438737,0.16661705,0.7498943,49.399055,0
11.124458,27.56935,4.11583,0.6411971,0.27317703,0.8148925,49.051075,0
11.725305,27.288591,3.1676185,0.97687685,0.33586085,0.70744103,49.23598,0
11.728985,27.305403,3.279648,1.3287393,0.13784708,0.8664376,49.398952,0
12.377062,27.162159,3.7897944,0.572364,0.23395075,0.7675635,49.515476,0
12.356543,27.121696,2.952064,1.0607733,0.30192578,0.7042448,49.50744,0
11.7435465,27.342106,3.4171062,1.3621384,0.2197205,0.87276,49.46665,0
11.784392,27.450111,3.7095628,0.7728559,0.30849946,0.771167,49.571316,0
11.765228,27.526834,2.9249969,1.3974515,0.27836764,0.8314912,49.782047,0
11.774353,27.601582,3.5683126,1.3253654,0.17885603,0.8920433,49.94278,0
11.796915,27.576591,3.5563297,0.90592444,0.31928933,0.76754016,49.815933,0
12.376383,27.24125,2.866419,1.5327982,0.15349926,0.8215367,50.32226,0
12.402128,27.373083,3.64586,1.0764278,0.13945164,0.90019673,50.536762,0
11.814491,27.675362,3.8212957,0.9651445,0.34303296,0.79163045,50.716915,0
11.802006,27.593884,3.4699438,1.5840899,0.1673428,0.952625,51.589596,0
11.841578,27.649837,3.9637089,0.81522834,0.29509556,0.8888027,52.31168,0
11.852684,27.723997,3.0377002,1.6009864,0.3413359,0.8568527,52.90616,0
11.852977,27.738237,3.5408494,1.7196447,0.27348197,0.9789607,53.792793,1
11.878089,27.686163,3.9390655,0.97558415,0.34979165,0.8951675,54.403267,1
11.882252,27.766737,3.0666933,1.5668243,0.27230942,0.8534028,55.029392,1
11.899991,27.841215,3.8549435,1.4681278,0.27742255,1.0228459,55.539318,1
11.906879,27.847889,3.7870467,1.0360781,0.39154017,0.91055316,56.041943,1
11.884445,27.833746,3.028017,1.8254315,0.27293408,1.0060793,56.396908,1
11.908582,27.874548,3.8605077,1.3845075,0.23891939,1.0782424,56.79572,1
11.903977,27.86962,3.5861945,1.3341807,0.40627825,0.9774191,57.21822,1
11.906868,27.884743,3.2511208,1.8818098,0.21164621,1.1093689,57.6321,1
11.911496,27.92111,4.059202,1.2821048,0.33034384,1.1286889,58.098568,1
11.903763,27.912626,3.4448617,1.4254655,0.39150918,1.0305921,58.402393,1
11.902985,27.94328,3.352196,2.0229776,0.29634774,1.217023,58.90765,1
11.899124,27.968113,4.1095357,1.2422606,0.34115517,1.1805516,59.2477,1
11.899488,27.954967,3.15773,1.6671935,0.36437,1.1131369,59.548847,1
11.916673,28.084257,3.513918,2.0519285,0.2882887,1.299061,59.94482,1
